<?xml version='1.0' encoding='UTF-8'?>
<?artifactRepository version='1.1.0'?>
<repository name='file:/D:/Kellton/Mule%20POC&apos;s/Mule%20POC&apos;s/calculator-connector/target/update-site/ - artifacts' type='org.eclipse.equinox.p2.artifact.repository.simpleRepository' version='1'>
  <properties size='2'>
    <property name='p2.timestamp' value='1510863057521'/>
    <property name='p2.compressed' value='false'/>
  </properties>
  <mappings size='3'>
    <rule filter='(&amp; (classifier=osgi.bundle))' output='${repoUrl}/plugins/${id}_${version}.jar'/>
    <rule filter='(&amp; (classifier=binary))' output='${repoUrl}/binary/${id}_${version}'/>
    <rule filter='(&amp; (classifier=org.eclipse.update.feature))' output='${repoUrl}/features/${id}_${version}.jar'/>
  </mappings>
  <artifacts size='2'>
    <artifact classifier='org.eclipse.update.feature' id='org.mule.tooling.ui.extension.calculator-connector.3.5.0' version='1.0.0.201711170140'>
      <properties size='4'>
        <property name='artifact.size' value='647'/>
        <property name='download.size' value='647'/>
        <property name='download.md5' value='725cc46110429643d9d0b730f94be043'/>
        <property name='download.contentType' value='application/zip'/>
      </properties>
    </artifact>
    <artifact classifier='osgi.bundle' id='org.mule.tooling.ui.contribution.calculator.3.5.0' version='1.0.0.201711170140'>
      <properties size='3'>
        <property name='artifact.size' value='354673'/>
        <property name='download.size' value='354673'/>
        <property name='download.md5' value='2f4fcc81a2d730b3f419110a5cea8b5f'/>
      </properties>
    </artifact>
  </artifacts>
</repository>
